{
  "exp": "",
  "arch": "hyena",
  "tag": "hyena_T150",
  "checkpoint": "models\\hyena_mag4\\checkpoints\\best.pt",
  "data_dir": "data\\sliding_lstm",
  "n_test": 5228,
  "window": 250,
  "n_features": 6,
  "truncate_last_t": 150,
  "rot_noise_deg": 0.0,
  "euc_mae": 8.351330757141113,
  "euc_rmse": 14.522235870361328,
  "euc_p50": 3.2956628799438477,
  "euc_p90": 25.92341423034668,
  "euc_p95": 36.60150909423828,
  "euc_min": 0.015126016922295094,
  "euc_max": 65.89636993408203,
  "euc_cdf_1m": 17.482785003825555,
  "euc_cdf_2m": 35.692425401683245,
  "euc_cdf_3m": 47.589900535577655,
  "euc_cdf_5m": 61.534047436878346,
  "man_mae": 8.759641647338867,
  "man_rmse": 14.954449653625488,
  "man_p50": 3.5982284545898438,
  "man_p90": 27.006385803222656,
  "man_p95": 37.614479064941406,
  "man_min": 0.0169525146484375,
  "man_max": 65.89807891845703,
  "man_cdf_1m": 15.130068859984696,
  "man_cdf_2m": 32.34506503442999,
  "man_cdf_3m": 44.96939556235654,
  "man_cdf_5m": 59.81254781943382,
  "noise_mode": "percent",
  "noise_levels": "1,5,10,20"
}