{
  "exp": "domain_shift",
  "arch": "hyena",
  "tag": "hyena_rot5",
  "checkpoint": "models\\hyena_mag4\\checkpoints\\best.pt",
  "data_dir": "data\\sliding_lstm",
  "n_test": 5228,
  "window": 250,
  "n_features": 6,
  "truncate_last_t": "",
  "rot_noise_deg": 5.0,
  "euc_mae": 4.638734817504883,
  "euc_rmse": 10.140430450439453,
  "euc_p50": 1.4185057878494263,
  "euc_p90": 12.1636962890625,
  "euc_p95": 25.275005340576172,
  "euc_min": 0.013708644546568394,
  "euc_max": 66.47701263427734,
  "euc_cdf_1m": 37.28003060443764,
  "euc_cdf_2m": 61.801836266258604,
  "euc_cdf_3m": 72.34123947972456,
  "euc_cdf_5m": 81.33129303749044,
  "man_mae": 4.94174861907959,
  "man_rmse": 10.531196594238281,
  "man_p50": 1.6097886562347412,
  "man_p90": 13.378597259521484,
  "man_p95": 26.717103958129883,
  "man_min": 0.016510009765625,
  "man_max": 66.72119140625,
  "man_cdf_1m": 33.05279265493496,
  "man_cdf_2m": 58.377964804896706,
  "man_cdf_3m": 70.60061208875287,
  "man_cdf_5m": 80.45141545524102,
  "noise_mode": "percent",
  "noise_levels": "1,5,10,20"
}