{
  "exp": "domain_shift",
  "arch": "hyena",
  "tag": "hyena_rot20",
  "checkpoint": "models\\hyena_mag4\\checkpoints\\best.pt",
  "data_dir": "data\\sliding_lstm",
  "n_test": 5228,
  "window": 250,
  "n_features": 6,
  "truncate_last_t": "",
  "rot_noise_deg": 20.0,
  "euc_mae": 9.006352424621582,
  "euc_rmse": 15.360727310180664,
  "euc_p50": 3.044546604156494,
  "euc_p90": 28.6906681060791,
  "euc_p95": 37.67488098144531,
  "euc_min": 0.011578032746911049,
  "euc_max": 71.44091033935547,
  "euc_cdf_1m": 22.436878347360366,
  "euc_cdf_2m": 39.40321346595256,
  "euc_cdf_3m": 49.636572302983936,
  "euc_cdf_5m": 60.08033664881408,
  "man_mae": 9.495046615600586,
  "man_rmse": 15.916391372680664,
  "man_p50": 3.4192066192626953,
  "man_p90": 29.888731002807617,
  "man_p95": 39.367916107177734,
  "man_min": 0.016357421875,
  "man_max": 71.44847869873047,
  "man_cdf_1m": 19.338179035960216,
  "man_cdf_2m": 36.514919663351186,
  "man_cdf_3m": 47.05432287681714,
  "man_cdf_5m": 58.47360367253251,
  "noise_mode": "percent",
  "noise_levels": "1,5,10,20"
}