{
  "exp": "",
  "arch": "hyena",
  "tag": "hyena_T030",
  "checkpoint": "models\\hyena_mag4\\checkpoints\\best.pt",
  "data_dir": "data\\sliding_lstm",
  "n_test": 5228,
  "window": 250,
  "n_features": 6,
  "truncate_last_t": 30,
  "rot_noise_deg": 0.0,
  "euc_mae": 15.056764602661133,
  "euc_rmse": 21.345233917236328,
  "euc_p50": 9.289590835571289,
  "euc_p90": 38.98629379272461,
  "euc_p95": 47.349205017089844,
  "euc_min": 0.018540432676672935,
  "euc_max": 78.46414184570312,
  "euc_cdf_1m": 6.369548584544758,
  "euc_cdf_2m": 13.312930374904361,
  "euc_cdf_3m": 20.371078806426933,
  "euc_cdf_5m": 32.36419280795715,
  "man_mae": 15.718737602233887,
  "man_rmse": 21.957460403442383,
  "man_p50": 10.011215209960938,
  "man_p90": 39.3784065246582,
  "man_p95": 47.788204193115234,
  "man_min": 0.0222320556640625,
  "man_max": 80.5230484008789,
  "man_cdf_1m": 5.413159908186687,
  "man_cdf_2m": 11.648814078041315,
  "man_cdf_3m": 18.19051262433053,
  "man_cdf_5m": 30.06885998469778,
  "noise_mode": "percent",
  "noise_levels": "1,5,10,20"
}