{
  "exp": "",
  "arch": "hyena",
  "tag": "hyena_T075",
  "checkpoint": "models\\hyena_mag4\\checkpoints\\best.pt",
  "data_dir": "data\\sliding_lstm",
  "n_test": 5228,
  "window": 250,
  "n_features": 6,
  "truncate_last_t": 75,
  "rot_noise_deg": 0.0,
  "euc_mae": 12.202790260314941,
  "euc_rmse": 18.46782112121582,
  "euc_p50": 6.251885414123535,
  "euc_p90": 32.63655471801758,
  "euc_p95": 43.60984420776367,
  "euc_min": 0.016435427591204643,
  "euc_max": 78.30571746826172,
  "euc_cdf_1m": 8.26319816373374,
  "euc_cdf_2m": 19.01300688599847,
  "euc_cdf_3m": 30.527926549349655,
  "euc_cdf_5m": 44.29992348890589,
  "man_mae": 12.764823913574219,
  "man_rmse": 19.05815315246582,
  "man_p50": 6.745419979095459,
  "man_p90": 33.77023696899414,
  "man_p95": 44.579776763916016,
  "man_min": 0.023143768310546875,
  "man_max": 78.33866882324219,
  "man_cdf_1m": 6.905126243305279,
  "man_cdf_2m": 16.583779648048967,
  "man_cdf_3m": 27.563121652639634,
  "man_cdf_5m": 42.29150726855394,
  "noise_mode": "percent",
  "noise_levels": "1,5,10,20"
}