{
  "exp": "domain_shift",
  "arch": "hyena",
  "tag": "hyena_rot5",
  "checkpoint": "models\\hyena_mag4\\checkpoints\\best.pt",
  "data_dir": "data\\sliding_lstm",
  "n_test": 5228,
  "window": 250,
  "n_features": 6,
  "truncate_last_t": "",
  "rot_noise_deg": 5.0,
  "euc_mae": 4.637787342071533,
  "euc_rmse": 10.357013702392578,
  "euc_p50": 1.401735782623291,
  "euc_p90": 11.646092414855957,
  "euc_p95": 24.53618621826172,
  "euc_min": 0.012199163436889648,
  "euc_max": 77.57754516601562,
  "euc_cdf_1m": 37.4521805661821,
  "euc_cdf_2m": 62.66258607498087,
  "euc_cdf_3m": 73.02983932670237,
  "euc_cdf_5m": 81.48431522570773,
  "man_mae": 4.925334930419922,
  "man_rmse": 10.704991340637207,
  "man_p50": 1.5679693222045898,
  "man_p90": 12.66109848022461,
  "man_p95": 26.560041427612305,
  "man_min": 0.015732288360595703,
  "man_max": 78.02546691894531,
  "man_cdf_1m": 33.01453710788064,
  "man_cdf_2m": 59.21958684009181,
  "man_cdf_3m": 71.34659525631216,
  "man_cdf_5m": 80.79571537872991,
  "noise_mode": "percent",
  "noise_levels": "1,5,10,20"
}