{
  "exp": "domain_shift",
  "arch": "hyena",
  "tag": "rot10",
  "checkpoint": "models\\hyena_mag4\\checkpoints\\best.pt",
  "data_dir": "data\\sliding_lstm",
  "n_test": 5228,
  "window": 250,
  "n_features": 6,
  "truncate_last_t": "",
  "rot_noise_deg": 10.0,
  "euc_mae": 6.335788249969482,
  "euc_rmse": 12.487302780151367,
  "euc_p50": 1.83814537525177,
  "euc_p90": 21.293149948120117,
  "euc_p95": 32.154808044433594,
  "euc_min": 0.010319668799638748,
  "euc_max": 75.49737548828125,
  "euc_cdf_1m": 30.70007651109411,
  "euc_cdf_2m": 52.56312165263963,
  "euc_cdf_3m": 62.98775822494262,
  "euc_cdf_5m": 72.87681713848508,
  "man_mae": 6.6998372077941895,
  "man_rmse": 12.923378944396973,
  "man_p50": 2.0353522300720215,
  "man_p90": 22.277496337890625,
  "man_p95": 33.361385345458984,
  "man_min": 0.010627269744873047,
  "man_max": 83.45723724365234,
  "man_cdf_1m": 26.912777352716144,
  "man_cdf_2m": 49.31140015302219,
  "man_cdf_3m": 61.05585309869931,
  "man_cdf_5m": 71.69089517980107,
  "noise_mode": "percent",
  "noise_levels": "1,5,10,20"
}