{
  "exp": "",
  "arch": "lstm",
  "tag": "lstm_T075",
  "checkpoint": "models\\lstm_mag6\\checkpoints\\best.pt",
  "data_dir": "data\\sliding_lstm",
  "n_test": 5228,
  "window": 250,
  "n_features": 6,
  "truncate_last_t": 75,
  "rot_noise_deg": 0.0,
  "euc_mae": 13.478425979614258,
  "euc_rmse": 17.098506927490234,
  "euc_p50": 10.96316146850586,
  "euc_p90": 27.318782806396484,
  "euc_p95": 33.4476432800293,
  "euc_min": 0.05199179798364639,
  "euc_max": 61.52481460571289,
  "euc_cdf_1m": 3.7299158377964803,
  "euc_cdf_2m": 8.894414690130068,
  "euc_cdf_3m": 13.638102524866106,
  "euc_cdf_5m": 22.819433817903594,
  "man_mae": 14.225020408630371,
  "man_rmse": 17.787986755371094,
  "man_p50": 11.777976989746094,
  "man_p90": 28.89301109313965,
  "man_p95": 33.958885192871094,
  "man_min": 0.06329536437988281,
  "man_max": 65.69080352783203,
  "man_cdf_1m": 2.3335883703136955,
  "man_cdf_2m": 6.8477429227237945,
  "man_cdf_3m": 11.381025248661055,
  "man_cdf_5m": 20.198928844682477,
  "noise_mode": "percent",
  "noise_levels": "1,5,10,20"
}