{
  "exp": "domain_shift",
  "arch": "lstm",
  "tag": "rot10",
  "checkpoint": "models\\lstm_mag6\\checkpoints\\best.pt",
  "data_dir": "data\\sliding_lstm",
  "n_test": 5228,
  "window": 250,
  "n_features": 6,
  "truncate_last_t": "",
  "rot_noise_deg": 10.0,
  "euc_mae": 13.824508666992188,
  "euc_rmse": 17.528911590576172,
  "euc_p50": 10.960090637207031,
  "euc_p90": 28.462749481201172,
  "euc_p95": 34.440521240234375,
  "euc_min": 0.03151445463299751,
  "euc_max": 61.24089431762695,
  "euc_cdf_1m": 3.347360367253252,
  "euc_cdf_2m": 8.282325937260902,
  "euc_cdf_3m": 12.872991583779648,
  "euc_cdf_5m": 22.130833970925785,
  "man_mae": 14.604300498962402,
  "man_rmse": 18.23193359375,
  "man_p50": 11.851402282714844,
  "man_p90": 29.551664352416992,
  "man_p95": 35.129756927490234,
  "man_min": 0.0353240966796875,
  "man_max": 64.91931915283203,
  "man_cdf_1m": 2.008416220351951,
  "man_cdf_2m": 6.025248661055853,
  "man_cdf_3m": 10.749808722264728,
  "man_cdf_5m": 19.28079571537873,
  "noise_mode": "percent",
  "noise_levels": "1,5,10,20"
}