{
  "exp": "domain_shift",
  "arch": "lstm",
  "tag": "lstm_rot20",
  "checkpoint": "models\\lstm_mag6\\checkpoints\\best.pt",
  "data_dir": "data\\sliding_lstm",
  "n_test": 5228,
  "window": 250,
  "n_features": 6,
  "truncate_last_t": "",
  "rot_noise_deg": 20.0,
  "euc_mae": 14.760804176330566,
  "euc_rmse": 18.697961807250977,
  "euc_p50": 11.70038890838623,
  "euc_p90": 30.893171310424805,
  "euc_p95": 36.593902587890625,
  "euc_min": 0.10115700960159302,
  "euc_max": 69.55382537841797,
  "euc_cdf_1m": 2.7735271614384085,
  "euc_cdf_2m": 7.306809487375669,
  "euc_cdf_3m": 11.534047436878348,
  "euc_cdf_5m": 20.371078806426933,
  "man_mae": 15.575525283813477,
  "man_rmse": 19.431884765625,
  "man_p50": 12.609123229980469,
  "man_p90": 31.61285972595215,
  "man_p95": 37.36530685424805,
  "man_min": 0.14273452758789062,
  "man_max": 70.81867218017578,
  "man_cdf_1m": 1.7597551644988525,
  "man_cdf_2m": 5.413159908186687,
  "man_cdf_3m": 9.410864575363426,
  "man_cdf_5m": 17.8079571537873,
  "noise_mode": "percent",
  "noise_levels": "1,5,10,20"
}