{
  "exp": "",
  "arch": "lstm",
  "tag": "lstm_T030",
  "checkpoint": "models\\lstm_mag6\\checkpoints\\best.pt",
  "data_dir": "data\\sliding_lstm",
  "n_test": 5228,
  "window": 250,
  "n_features": 6,
  "truncate_last_t": 30,
  "rot_noise_deg": 0.0,
  "euc_mae": 13.631243705749512,
  "euc_rmse": 17.159160614013672,
  "euc_p50": 11.299247741699219,
  "euc_p90": 27.09722900390625,
  "euc_p95": 33.59684371948242,
  "euc_min": 0.04183816909790039,
  "euc_max": 59.008201599121094,
  "euc_cdf_1m": 3.940321346595256,
  "euc_cdf_2m": 8.91354246365723,
  "euc_cdf_3m": 13.370313695485844,
  "euc_cdf_5m": 21.71002295332823,
  "man_mae": 14.40037727355957,
  "man_rmse": 17.876747131347656,
  "man_p50": 12.21442985534668,
  "man_p90": 28.796659469604492,
  "man_p95": 34.15877151489258,
  "man_min": 0.05777263641357422,
  "man_max": 62.76495361328125,
  "man_cdf_1m": 2.2762050497322113,
  "man_cdf_2m": 6.943381790359602,
  "man_cdf_3m": 11.074980872226472,
  "man_cdf_5m": 19.319051262433053,
  "noise_mode": "percent",
  "noise_levels": "1,5,10,20"
}