{
  "exp": "domain_shift",
  "arch": "lstm",
  "tag": "lstm_rot5",
  "checkpoint": "models\\lstm_mag6\\checkpoints\\best.pt",
  "data_dir": "data\\sliding_lstm",
  "n_test": 5228,
  "window": 250,
  "n_features": 6,
  "truncate_last_t": "",
  "rot_noise_deg": 5.0,
  "euc_mae": 13.442452430725098,
  "euc_rmse": 17.04343032836914,
  "euc_p50": 10.76711368560791,
  "euc_p90": 27.271421432495117,
  "euc_p95": 33.14348602294922,
  "euc_min": 0.017063181847333908,
  "euc_max": 61.385498046875,
  "euc_cdf_1m": 3.1178270849273146,
  "euc_cdf_2m": 8.186687069625096,
  "euc_cdf_3m": 13.236419280795717,
  "euc_cdf_5m": 22.666411629686305,
  "man_mae": 14.190572738647461,
  "man_rmse": 17.722660064697266,
  "man_p50": 11.551952362060547,
  "man_p90": 28.768770217895508,
  "man_p95": 33.759822845458984,
  "man_min": 0.0237579345703125,
  "man_max": 65.56385040283203,
  "man_cdf_1m": 1.7597551644988525,
  "man_cdf_2m": 6.407804131599082,
  "man_cdf_3m": 11.094108645753634,
  "man_cdf_5m": 20.007651109410865,
  "noise_mode": "percent",
  "noise_levels": "1,5,10,20"
}