{
  "exp": "",
  "arch": "lstm",
  "tag": "lstm_T150",
  "checkpoint": "models\\lstm_mag6\\checkpoints\\best.pt",
  "data_dir": "data\\sliding_lstm",
  "n_test": 5228,
  "window": 250,
  "n_features": 6,
  "truncate_last_t": 150,
  "rot_noise_deg": 0.0,
  "euc_mae": 13.38208293914795,
  "euc_rmse": 16.978662490844727,
  "euc_p50": 10.887077331542969,
  "euc_p90": 27.107345581054688,
  "euc_p95": 33.10569381713867,
  "euc_min": 0.06649798899888992,
  "euc_max": 61.54039764404297,
  "euc_cdf_1m": 3.615149196633512,
  "euc_cdf_2m": 8.817903596021424,
  "euc_cdf_3m": 13.599846977811783,
  "euc_cdf_5m": 22.60902830910482,
  "man_mae": 14.128105163574219,
  "man_rmse": 17.66388702392578,
  "man_p50": 11.687246322631836,
  "man_p90": 28.531837463378906,
  "man_p95": 33.662818908691406,
  "man_min": 0.08026123046875,
  "man_max": 65.70642852783203,
  "man_cdf_1m": 2.2762050497322113,
  "man_cdf_2m": 6.713848508033665,
  "man_cdf_3m": 11.342769701606734,
  "man_cdf_5m": 20.065034429992348,
  "noise_mode": "percent",
  "noise_levels": "1,5,10,20"
}